{
  "warnings": {
    "fieldName": [
      {
        "code": 1234,
        "message": "string",
        "value": "Unknown Type: any"
      }
    ]
  },
  "data": {
    "page": 1,
    "totalPage": 3,
    "elementsPerPage": 10,
    "totalElements": 27,
    "data": [
      {
        "id": "1",
        "public_id": "1",
        "name": "Item name example",
        "created_at": "2019-03-27 14:30:24",
        "status": "created",
        "is_drafted": true,
        "is_trained": true,
        "is_deleted": true,
        "is_keep_published": true,
        "session": {
          "id": 0,
          "name": "string"
        },
        "author": {
          "id": 0,
          "username": "string",
          "email": "string",
          "first_name": "string",
          "last_name": "string"
        },
        "images": [
          {
            "id": 0,
            "created_at": "2019-04-04T14:42:28.770Z",
            "is_default": true
          }
        ],
        "labels": [
          {
            "id": 0,
            "name": "string",
            "color": "string",
            "session": {
              "id": 0,
              "name": "string"
            }
          }
        ]
      }
    ]
  }
}
